Id,Name,Submitted-At,Started-At,Stopped-At,Op-Info,State,Detailed State
w1,s3-gyc,2018-06-25 11:01:48,2018-06-25 11:01:48,2018-06-25 11:12:05,init write,finished,queuing @ 2018-06-25 11:01:48,processing @ 2018-06-25 11:01:48,finished @ 2018-06-25 11:12:05
w2,s3-gyc,2018-06-25 11:14:28,2018-06-25 11:14:28,2018-06-25 11:24:40,init write,finished,queuing @ 2018-06-25 11:14:28,processing @ 2018-06-25 11:14:28,finished @ 2018-06-25 11:24:40
w3,s3-gyc,2018-06-25 11:35:59,2018-06-25 11:35:59,2018-06-25 11:37:05,cleanup dispose,finished,queuing @ 2018-06-25 11:35:59,processing @ 2018-06-25 11:35:59,finished @ 2018-06-25 11:37:05
w4,s3-gyc,2018-06-25 11:37:39,2018-06-25 11:37:39,2018-06-25 11:47:53,init write,finished,queuing @ 2018-06-25 11:37:39,processing @ 2018-06-25 11:37:39,finished @ 2018-06-25 11:47:53
w5,s3-gyc,2018-06-25 14:49:13,2018-06-25 14:49:13,2018-06-25 14:59:31,init write,finished,queuing @ 2018-06-25 14:49:13,processing @ 2018-06-25 14:49:13,finished @ 2018-06-25 14:59:31
w6,s3-gyc,2018-06-25 16:01:13,2018-06-25 16:01:13,2018-06-25 16:08:47,init write,cancelled,queuing @ 2018-06-25 16:01:13,processing @ 2018-06-25 16:01:13,cancelled @ 2018-06-25 16:08:47
w7,s3-gyc,2018-06-25 16:12:22,2018-06-25 16:12:22,2018-06-25 16:14:27,init write,cancelled,queuing @ 2018-06-25 16:12:22,processing @ 2018-06-25 16:12:22,cancelled @ 2018-06-25 16:14:27
w8,s3-gyc,2018-06-25 16:18:05,2018-06-25 16:18:05,2018-06-25 16:22:59,init write,cancelled,queuing @ 2018-06-25 16:18:05,processing @ 2018-06-25 16:18:05,cancelled @ 2018-06-25 16:22:59
w9,s3-gyc,2018-06-25 16:31:32,2018-06-25 16:31:32,2018-06-25 16:41:48,init write,finished,queuing @ 2018-06-25 16:31:32,processing @ 2018-06-25 16:31:32,finished @ 2018-06-25 16:41:48
w10,s3-gyc,2018-06-25 16:46:40,2018-06-25 16:46:40,2018-06-25 16:51:45,read,finished,queuing @ 2018-06-25 16:46:40,processing @ 2018-06-25 16:46:40,finished @ 2018-06-25 16:51:45
w11,s3-gyc,2018-06-25 16:53:52,2018-06-25 16:53:52,2018-06-25 16:54:58,cleanup dispose,finished,queuing @ 2018-06-25 16:53:52,processing @ 2018-06-25 16:53:52,finished @ 2018-06-25 16:54:58
w12,s3-gyc,2018-06-25 16:58:53,2018-06-25 16:58:53,2018-06-25 16:59:15,init write,cancelled,queuing @ 2018-06-25 16:58:53,processing @ 2018-06-25 16:58:53,cancelled @ 2018-06-25 16:59:15
w13,s3-gyc,2018-06-25 16:59:20,2018-06-25 16:59:20,2018-06-25 17:01:10,cleanup dispose,finished,queuing @ 2018-06-25 16:59:20,processing @ 2018-06-25 16:59:20,finished @ 2018-06-25 17:01:10
w14,s3-gyc,2018-06-25 17:02:54,2018-06-25 17:02:54,2018-06-25 17:13:04,init write,finished,queuing @ 2018-06-25 17:02:54,processing @ 2018-06-25 17:02:54,finished @ 2018-06-25 17:13:04
w15,s3-gyc,2018-06-25 17:14:39,2018-06-25 17:14:39,2018-06-25 17:19:42,read,finished,queuing @ 2018-06-25 17:14:39,processing @ 2018-06-25 17:14:39,finished @ 2018-06-25 17:19:42
w16,s3-gyc,2018-06-25 17:21:04,2018-06-25 17:21:04,2018-06-25 17:22:07,cleanup dispose,finished,queuing @ 2018-06-25 17:21:04,processing @ 2018-06-25 17:21:04,finished @ 2018-06-25 17:22:07
w17,s3-gyc,2018-06-25 17:22:22,2018-06-25 17:22:22,2018-06-25 17:32:30,init write,finished,queuing @ 2018-06-25 17:22:22,processing @ 2018-06-25 17:22:22,finished @ 2018-06-25 17:32:30
w18,s3-gyc,2018-06-25 17:34:42,2018-06-25 17:34:42,2018-06-25 17:39:45,read,finished,queuing @ 2018-06-25 17:34:42,processing @ 2018-06-25 17:34:42,finished @ 2018-06-25 17:39:45
w19,s3-gyc,2018-06-25 17:42:12,2018-06-25 17:42:12,2018-06-25 17:43:16,cleanup dispose,finished,queuing @ 2018-06-25 17:42:12,processing @ 2018-06-25 17:42:12,finished @ 2018-06-25 17:43:16
w20,s3-gyc,2018-06-25 17:43:46,2018-06-25 17:43:46,2018-06-25 17:53:56,init write,finished,queuing @ 2018-06-25 17:43:46,processing @ 2018-06-25 17:43:46,finished @ 2018-06-25 17:53:56
w21,s3-gyc,2018-06-25 18:00:28,2018-06-25 18:00:28,2018-06-25 18:05:31,read,finished,queuing @ 2018-06-25 18:00:28,processing @ 2018-06-25 18:00:28,finished @ 2018-06-25 18:05:31
w22,s3-gyc,2018-06-25 18:06:32,2018-06-25 18:06:32,2018-06-25 18:07:56,cleanup dispose,finished,queuing @ 2018-06-25 18:06:32,processing @ 2018-06-25 18:06:32,finished @ 2018-06-25 18:07:56
w23,s3-gyc,2018-06-25 18:57:54,2018-06-25 18:57:54,2018-06-25 19:08:12,init write,finished,queuing @ 2018-06-25 18:57:54,processing @ 2018-06-25 18:57:54,finished @ 2018-06-25 19:08:12
w24,s3-gyc,2018-06-25 19:11:55,2018-06-25 19:11:55,2018-06-25 19:17:03,read,terminated,queuing @ 2018-06-25 19:11:55,processing @ 2018-06-25 19:11:55,terminated @ 2018-06-25 19:17:03
w25,s3-gyc,2018-06-25 19:25:40,2018-06-25 19:25:40,2018-06-25 19:30:48,read,terminated,queuing @ 2018-06-25 19:25:40,processing @ 2018-06-25 19:25:40,terminated @ 2018-06-25 19:30:48
w26,s3-gyc,2018-06-25 19:34:43,2018-06-25 19:34:43,2018-06-25 19:39:51,read,terminated,queuing @ 2018-06-25 19:34:43,processing @ 2018-06-25 19:34:43,terminated @ 2018-06-25 19:39:51
w27,s3-gyc,2018-06-25 19:42:53,2018-06-25 19:42:53,2018-06-25 19:43:31,read,finished,queuing @ 2018-06-25 19:42:53,processing @ 2018-06-25 19:42:53,finished @ 2018-06-25 19:43:31
w28,s3-gyc,2018-06-25 19:45:08,2018-06-25 19:45:08,2018-06-25 19:46:12,cleanup dispose,finished,queuing @ 2018-06-25 19:45:08,processing @ 2018-06-25 19:45:08,finished @ 2018-06-25 19:46:12
w29,s3-gyc,2018-06-25 20:00:04,2018-06-25 20:00:04,2018-06-25 20:10:17,init write,finished,queuing @ 2018-06-25 20:00:04,processing @ 2018-06-25 20:00:04,finished @ 2018-06-25 20:10:17
w30,s3-gyc,2018-06-25 20:12:16,2018-06-25 20:12:16,2018-06-25 20:13:23,cleanup dispose,finished,queuing @ 2018-06-25 20:12:16,processing @ 2018-06-25 20:12:16,finished @ 2018-06-25 20:13:23
w31,s3-gyc,2018-06-25 20:18:05,2018-06-25 20:18:06,2018-06-25 20:20:02,init write,cancelled,queuing @ 2018-06-25 20:18:05,processing @ 2018-06-25 20:18:06,cancelled @ 2018-06-25 20:20:02
w32,s3-gyc,2018-06-25 20:20:18,2018-06-25 20:20:18,2018-06-25 20:21:48,cleanup dispose,cancelled,queuing @ 2018-06-25 20:20:18,processing @ 2018-06-25 20:20:18,cancelled @ 2018-06-25 20:21:48
w33,s3-gyc,2018-06-25 20:23:55,2018-06-25 20:23:55,2018-06-25 20:34:13,init write,finished,queuing @ 2018-06-25 20:23:55,processing @ 2018-06-25 20:23:55,finished @ 2018-06-25 20:34:13
w34,s3-gyc,2018-06-25 20:35:56,2018-06-25 20:35:56,2018-06-25 20:40:59,read,finished,queuing @ 2018-06-25 20:35:56,processing @ 2018-06-25 20:35:56,finished @ 2018-06-25 20:40:59
w35,s3-gyc,2018-06-26 10:17:58,2018-06-26 10:17:58,2018-06-26 10:24:29,init write,cancelled,queuing @ 2018-06-26 10:17:58,processing @ 2018-06-26 10:17:58,cancelled @ 2018-06-26 10:24:29
w36,s3-gyc,2018-06-26 10:25:01,2018-06-26 10:25:01,2018-06-26 10:26:31,cleanup dispose,finished,queuing @ 2018-06-26 10:25:01,processing @ 2018-06-26 10:25:01,finished @ 2018-06-26 10:26:31
w37,s3-gyc,2018-06-26 10:29:09,2018-06-26 10:29:09,2018-06-26 10:39:21,init write,finished,queuing @ 2018-06-26 10:29:09,processing @ 2018-06-26 10:29:09,finished @ 2018-06-26 10:39:21
w38,s3-gyc,2018-06-26 10:46:48,2018-06-26 10:46:48,2018-06-26 10:57:01,init write,finished,queuing @ 2018-06-26 10:46:48,processing @ 2018-06-26 10:46:48,finished @ 2018-06-26 10:57:01
w39,s3-gyc,2018-06-26 10:58:27,2018-06-26 10:58:27,2018-06-26 11:03:30,read,finished,queuing @ 2018-06-26 10:58:27,processing @ 2018-06-26 10:58:27,finished @ 2018-06-26 11:03:30
w40,s3-gyc,2018-06-26 11:04:40,2018-06-26 11:04:40,2018-06-26 11:05:44,cleanup dispose,finished,queuing @ 2018-06-26 11:04:40,processing @ 2018-06-26 11:04:40,finished @ 2018-06-26 11:05:44
w41,s3-gyc,2018-06-26 11:05:53,2018-06-26 11:05:53,2018-06-26 11:16:03,init write,finished,queuing @ 2018-06-26 11:05:53,processing @ 2018-06-26 11:05:53,finished @ 2018-06-26 11:16:03
w42,s3-gyc,2018-06-26 11:17:34,2018-06-26 11:17:34,2018-06-26 11:22:37,read,finished,queuing @ 2018-06-26 11:17:34,processing @ 2018-06-26 11:17:34,finished @ 2018-06-26 11:22:37
w43,s3-gyc,2018-06-26 11:24:33,2018-06-26 11:24:33,2018-06-26 11:25:38,cleanup dispose,finished,queuing @ 2018-06-26 11:24:33,processing @ 2018-06-26 11:24:33,finished @ 2018-06-26 11:25:38
w44,s3-gyc,2018-06-26 11:26:30,2018-06-26 11:26:30,2018-06-26 11:36:45,init write,finished,queuing @ 2018-06-26 11:26:30,processing @ 2018-06-26 11:26:30,finished @ 2018-06-26 11:36:45
w45,s3-gyc,2018-06-26 12:36:14,2018-06-26 12:36:14,2018-06-26 12:41:17,read,finished,queuing @ 2018-06-26 12:36:14,processing @ 2018-06-26 12:36:14,finished @ 2018-06-26 12:41:17
w46,s3-gyc,2018-06-26 12:52:39,2018-06-26 12:52:39,2018-06-26 12:53:45,cleanup dispose,finished,queuing @ 2018-06-26 12:52:39,processing @ 2018-06-26 12:52:39,finished @ 2018-06-26 12:53:45
w47,s3-gyc,2018-06-26 12:56:48,2018-06-26 12:56:48,2018-06-26 13:07:12,init write,finished,queuing @ 2018-06-26 12:56:48,processing @ 2018-06-26 12:56:48,finished @ 2018-06-26 13:07:12
w48,s3-gyc,2018-06-26 13:12:39,2018-06-26 13:12:39,2018-06-26 13:15:47,read,terminated,queuing @ 2018-06-26 13:12:39,processing @ 2018-06-26 13:12:39,terminated @ 2018-06-26 13:15:47
w49,s3-gyc,2018-06-26 13:32:35,2018-06-26 13:32:35,2018-06-26 13:33:13,read,finished,queuing @ 2018-06-26 13:32:35,processing @ 2018-06-26 13:32:35,finished @ 2018-06-26 13:33:13
w50,s3-gyc,2018-06-26 13:36:30,2018-06-26 13:36:30,2018-06-26 13:37:36,cleanup dispose,finished,queuing @ 2018-06-26 13:36:30,processing @ 2018-06-26 13:36:30,finished @ 2018-06-26 13:37:36
w51,s3-gyc,2018-06-26 13:46:17,2018-06-26 13:46:17,2018-06-26 13:48:03,init write,cancelled,queuing @ 2018-06-26 13:46:17,processing @ 2018-06-26 13:46:17,cancelled @ 2018-06-26 13:48:03
w52,s3-gyc,2018-06-26 13:48:13,2018-06-26 13:48:13,2018-06-26 13:49:34,cleanup dispose,cancelled,queuing @ 2018-06-26 13:48:13,processing @ 2018-06-26 13:48:13,cancelled @ 2018-06-26 13:49:34
w53,s3-gyc,2018-06-26 13:56:23,2018-06-26 13:56:23,2018-06-26 14:01:03,init write,cancelled,queuing @ 2018-06-26 13:56:23,processing @ 2018-06-26 13:56:23,cancelled @ 2018-06-26 14:01:03
w54,s3-gyc,2018-06-26 14:12:28,2018-06-26 14:12:28,2018-06-26 14:20:20,init write,cancelled,queuing @ 2018-06-26 14:12:28,processing @ 2018-06-26 14:12:28,cancelled @ 2018-06-26 14:20:20
w55,s3-gyc,2018-06-26 14:25:34,2018-06-26 14:25:34,2018-06-26 14:27:49,init write,cancelled,queuing @ 2018-06-26 14:25:34,processing @ 2018-06-26 14:25:34,cancelled @ 2018-06-26 14:27:49
w56,s3-gyc,2018-06-26 14:27:57,2018-06-26 14:27:57,2018-06-26 14:29:58,cleanup dispose,finished,queuing @ 2018-06-26 14:27:57,processing @ 2018-06-26 14:27:57,finished @ 2018-06-26 14:29:58
w57,s3-gyc,2018-06-26 14:29:58,2018-06-26 14:29:58,2018-06-26 14:40:06,init write,finished,queuing @ 2018-06-26 14:29:58,processing @ 2018-06-26 14:29:58,finished @ 2018-06-26 14:40:06
w58,s3-gyc,2018-06-26 16:00:30,2018-06-26 16:00:30,2018-06-26 16:10:43,init write,finished,queuing @ 2018-06-26 16:00:30,processing @ 2018-06-26 16:00:30,finished @ 2018-06-26 16:10:43
w59,s3-gyc,2018-06-26 16:15:18,2018-06-26 16:15:18,2018-06-26 16:20:21,read,finished,queuing @ 2018-06-26 16:15:18,processing @ 2018-06-26 16:15:18,finished @ 2018-06-26 16:20:21
w60,s3-gyc,2018-06-26 16:20:59,2018-06-26 16:20:59,2018-06-26 16:22:05,cleanup dispose,finished,queuing @ 2018-06-26 16:20:59,processing @ 2018-06-26 16:20:59,finished @ 2018-06-26 16:22:05
w61,s3-gyc,2018-06-26 16:22:13,2018-06-26 16:22:13,2018-06-26 16:32:22,init write,finished,queuing @ 2018-06-26 16:22:13,processing @ 2018-06-26 16:22:13,finished @ 2018-06-26 16:32:22
w62,s3-gyc,2018-06-26 16:33:19,2018-06-26 16:33:19,2018-06-26 16:35:11,init write,cancelled,queuing @ 2018-06-26 16:33:19,processing @ 2018-06-26 16:33:19,cancelled @ 2018-06-26 16:35:11
w63,s3-gyc,2018-06-26 16:35:28,2018-06-26 16:35:28,2018-06-26 16:37:19,cleanup dispose,finished,queuing @ 2018-06-26 16:35:28,processing @ 2018-06-26 16:35:28,finished @ 2018-06-26 16:37:19
w64,s3-gyc,2018-06-26 16:41:28,2018-06-26 16:41:28,2018-06-26 16:41:44,init write,terminated,queuing @ 2018-06-26 16:41:28,processing @ 2018-06-26 16:41:28,terminated @ 2018-06-26 16:41:44
w65,s3-gyc,2018-06-26 16:48:26,2018-06-26 16:48:26,2018-06-26 16:49:05,init write,cancelled,queuing @ 2018-06-26 16:48:26,processing @ 2018-06-26 16:48:26,cancelled @ 2018-06-26 16:49:05
w66,s3-gyc,2018-06-26 16:49:49,2018-06-26 16:49:49,2018-06-26 17:01:12,init write,finished,queuing @ 2018-06-26 16:49:49,processing @ 2018-06-26 16:49:49,finished @ 2018-06-26 17:01:12
w67,s3-gyc,2018-06-26 17:04:15,2018-06-26 17:04:15,2018-06-26 17:09:20,read,finished,queuing @ 2018-06-26 17:04:15,processing @ 2018-06-26 17:04:15,finished @ 2018-06-26 17:09:20
w68,s3-gyc,2018-06-26 17:10:55,2018-06-26 17:10:55,2018-06-26 17:11:16,init write,cancelled,queuing @ 2018-06-26 17:10:55,processing @ 2018-06-26 17:10:55,cancelled @ 2018-06-26 17:11:16
w69,s3-gyc,2018-06-26 17:11:51,2018-06-26 17:11:51,2018-06-26 17:15:47,cleanup dispose,finished,queuing @ 2018-06-26 17:11:51,processing @ 2018-06-26 17:11:51,finished @ 2018-06-26 17:15:47
w70,s3-gyc,2018-06-26 17:16:00,2018-06-26 17:16:00,2018-06-26 17:28:26,init write,finished,queuing @ 2018-06-26 17:16:00,processing @ 2018-06-26 17:16:00,finished @ 2018-06-26 17:28:26
w71,s3-gyc,2018-06-26 17:34:47,2018-06-26 17:34:47,2018-06-26 17:36:13,init write,cancelled,queuing @ 2018-06-26 17:34:47,processing @ 2018-06-26 17:34:47,cancelled @ 2018-06-26 17:36:13
w72,s3-gyc,2018-06-26 17:36:24,2018-06-26 17:36:24,2018-06-26 17:40:53,cleanup dispose,finished,queuing @ 2018-06-26 17:36:24,processing @ 2018-06-26 17:36:24,finished @ 2018-06-26 17:40:53
w73,s3-gyc,2018-06-26 17:41:26,2018-06-26 17:41:26,2018-06-26 17:42:17,init write,cancelled,queuing @ 2018-06-26 17:41:26,processing @ 2018-06-26 17:41:26,cancelled @ 2018-06-26 17:42:17
w74,s3-gyc,2018-06-26 17:42:23,2018-06-26 17:42:23,2018-06-26 17:53:44,cleanup dispose,finished,queuing @ 2018-06-26 17:42:23,processing @ 2018-06-26 17:42:23,finished @ 2018-06-26 17:53:44
w75,s3-gyc,2018-06-26 18:13:44,2018-06-26 18:13:44,2018-06-26 18:23:55,init write,finished,queuing @ 2018-06-26 18:13:44,processing @ 2018-06-26 18:13:44,finished @ 2018-06-26 18:23:55
w76,s3-gyc,2018-06-26 18:24:05,2018-06-26 18:24:05,2018-06-26 18:24:28,read,terminated,queuing @ 2018-06-26 18:24:05,processing @ 2018-06-26 18:24:05,terminated @ 2018-06-26 18:24:28
w77,s3-gyc,2018-06-26 19:40:32,2018-06-26 19:40:32,2018-06-26 19:40:32,read,terminated,queuing @ 2018-06-26 19:40:32,processing @ 2018-06-26 19:40:32,terminated @ 2018-06-26 19:40:32
w78,s3-gyc,2018-06-26 19:44:02,2018-06-26 19:44:02,2018-06-26 19:44:18,init write,terminated,queuing @ 2018-06-26 19:44:02,processing @ 2018-06-26 19:44:02,terminated @ 2018-06-26 19:44:18
w79,s3-gyc,2018-06-26 19:48:21,2018-06-26 19:48:21,2018-06-26 19:48:27,init write,terminated,queuing @ 2018-06-26 19:48:21,processing @ 2018-06-26 19:48:21,terminated @ 2018-06-26 19:48:27
w80,s3-gyc,2018-06-26 19:51:34,2018-06-26 19:51:34,2018-06-26 20:03:13,init write,finished,queuing @ 2018-06-26 19:51:34,processing @ 2018-06-26 19:51:34,finished @ 2018-06-26 20:03:13
w81,s3-gyc,2018-06-26 20:03:41,2018-06-26 20:03:41,2018-06-26 20:08:44,read,finished,queuing @ 2018-06-26 20:03:41,processing @ 2018-06-26 20:03:41,finished @ 2018-06-26 20:08:44
w82,s3-gyc,2018-06-26 20:15:30,2018-06-26 20:15:30,2018-06-26 20:17:52,init write,cancelled,queuing @ 2018-06-26 20:15:30,processing @ 2018-06-26 20:15:30,cancelled @ 2018-06-26 20:17:52
w83,s3-gyc,2018-06-26 20:21:36,2018-06-26 20:21:36,2018-06-26 20:24:21,init write,cancelled,queuing @ 2018-06-26 20:21:36,processing @ 2018-06-26 20:21:36,cancelled @ 2018-06-26 20:24:21
w84,s3-gyc,2018-06-26 20:26:09,2018-06-26 20:26:09,2018-06-26 20:38:02,init write,finished,queuing @ 2018-06-26 20:26:09,processing @ 2018-06-26 20:26:09,finished @ 2018-06-26 20:38:02
w85,s3-gyc,2018-06-26 20:41:57,2018-06-26 20:41:57,2018-06-26 20:47:00,read,finished,queuing @ 2018-06-26 20:41:57,processing @ 2018-06-26 20:41:57,finished @ 2018-06-26 20:47:00
w86,s3-gyc,2018-06-26 20:51:44,2018-06-26 20:51:44,2018-06-26 21:03:29,init write,finished,queuing @ 2018-06-26 20:51:44,processing @ 2018-06-26 20:51:44,finished @ 2018-06-26 21:03:29
w87,s3-gyc,2018-06-26 20:51:45,2018-06-26 21:03:29,2018-06-26 21:08:25,read,finished,queuing @ 2018-06-26 20:51:45,processing @ 2018-06-26 21:03:29,finished @ 2018-06-26 21:08:25
w88,s3-gyc,2018-06-27 10:32:24,2018-06-27 10:32:24,2018-06-27 10:42:36,init write,finished,queuing @ 2018-06-27 10:32:24,processing @ 2018-06-27 10:32:24,finished @ 2018-06-27 10:42:36
w89,s3-gyc,2018-06-27 10:32:43,2018-06-27 10:42:36,2018-06-27 10:43:09,read,terminated,queuing @ 2018-06-27 10:32:43,processing @ 2018-06-27 10:42:36,terminated @ 2018-06-27 10:43:09
w90,s3-gyc,2018-06-27 10:48:24,2018-06-27 10:48:24,2018-06-27 10:48:24,read,terminated,queuing @ 2018-06-27 10:48:24,processing @ 2018-06-27 10:48:24,terminated @ 2018-06-27 10:48:24
w91,s3-gyc,2018-06-27 10:49:28,2018-06-27 10:49:28,2018-06-27 10:49:24,read,terminated,queuing @ 2018-06-27 10:49:28,processing @ 2018-06-27 10:49:28,terminated @ 2018-06-27 10:49:24
w92,s3-gyc,2018-06-27 10:51:03,2018-06-27 10:51:03,2018-06-27 10:51:01,read,terminated,queuing @ 2018-06-27 10:51:03,processing @ 2018-06-27 10:51:03,terminated @ 2018-06-27 10:51:01
w93,s3-gyc,2018-06-27 10:58:15,2018-06-27 10:58:15,2018-06-27 11:10:03,init write,finished,queuing @ 2018-06-27 10:58:15,processing @ 2018-06-27 10:58:15,finished @ 2018-06-27 11:10:03
w94,s3-gyc,2018-06-27 10:59:09,2018-06-27 11:10:03,2018-06-27 11:15:06,read,finished,queuing @ 2018-06-27 10:59:09,processing @ 2018-06-27 11:10:03,finished @ 2018-06-27 11:15:06
w95,s3-gyc,2018-06-27 11:19:59,2018-06-27 11:19:59,2018-06-27 11:31:56,init write,finished,queuing @ 2018-06-27 11:19:59,processing @ 2018-06-27 11:19:59,finished @ 2018-06-27 11:31:56
w96,s3-gyc,2018-06-27 11:36:51,2018-06-27 11:36:51,2018-06-27 11:41:59,read,terminated,queuing @ 2018-06-27 11:36:51,processing @ 2018-06-27 11:36:51,terminated @ 2018-06-27 11:41:59
w97,s3-gyc,2018-06-27 11:42:43,2018-06-27 11:42:43,2018-06-27 11:46:11,read,terminated,queuing @ 2018-06-27 11:42:43,processing @ 2018-06-27 11:42:43,terminated @ 2018-06-27 11:46:11
w98,s3-gyc,2018-06-27 11:49:35,2018-06-27 11:49:35,2018-06-27 11:49:31,read,terminated,queuing @ 2018-06-27 11:49:35,processing @ 2018-06-27 11:49:35,terminated @ 2018-06-27 11:49:31
w99,s3-gyc,2018-06-27 11:51:28,2018-06-27 11:51:28,2018-06-27 11:53:33,read,finished,queuing @ 2018-06-27 11:51:28,processing @ 2018-06-27 11:51:28,finished @ 2018-06-27 11:53:33
w100,s3-gyc,2018-06-27 13:23:37,2018-06-27 13:23:37,2018-06-27 13:35:20,init write,finished,queuing @ 2018-06-27 13:23:37,processing @ 2018-06-27 13:23:37,finished @ 2018-06-27 13:35:20
w101,s3-gyc,2018-06-27 13:23:39,2018-06-27 13:35:21,2018-06-27 13:40:24,read,finished,queuing @ 2018-06-27 13:23:39,processing @ 2018-06-27 13:35:21,finished @ 2018-06-27 13:40:24
w102,s3-gyc,2018-06-27 14:07:47,2018-06-27 14:07:47,2018-06-27 14:12:42,init write,cancelled,queuing @ 2018-06-27 14:07:47,processing @ 2018-06-27 14:07:47,cancelled @ 2018-06-27 14:12:42
w103,s3-gyc,2018-06-27 14:07:51,2018-06-27 14:12:43,2018-06-27 14:12:43,read,cancelled,queuing @ 2018-06-27 14:07:51,processing @ 2018-06-27 14:12:43,cancelled @ 2018-06-27 14:12:43
w104,s3-gyc,2018-06-27 14:20:27,2018-06-27 14:20:27,2018-06-27 14:26:36,init write,cancelled,queuing @ 2018-06-27 14:20:27,processing @ 2018-06-27 14:20:27,cancelled @ 2018-06-27 14:26:36
w105,s3-gyc,2018-06-27 14:31:00,2018-06-27 14:31:00,2018-06-27 14:43:46,init write,finished,queuing @ 2018-06-27 14:31:00,processing @ 2018-06-27 14:31:00,finished @ 2018-06-27 14:43:46
w106,s3-gyc,2018-06-27 15:28:58,2018-06-27 15:28:58,2018-06-27 15:40:50,init write,finished,queuing @ 2018-06-27 15:28:58,processing @ 2018-06-27 15:28:58,finished @ 2018-06-27 15:40:50
w107,s3-gyc,2018-06-27 15:43:21,2018-06-27 15:43:21,2018-06-27 15:48:24,read,finished,queuing @ 2018-06-27 15:43:21,processing @ 2018-06-27 15:43:21,finished @ 2018-06-27 15:48:24
w108,s3-gyc,2018-06-27 15:51:18,2018-06-27 15:51:18,2018-06-27 16:03:20,init write,finished,queuing @ 2018-06-27 15:51:18,processing @ 2018-06-27 15:51:18,finished @ 2018-06-27 16:03:20
w109,s3-gyc,2018-06-27 15:51:24,2018-06-27 16:03:20,2018-06-27 16:08:18,read,finished,queuing @ 2018-06-27 15:51:24,processing @ 2018-06-27 16:03:20,finished @ 2018-06-27 16:08:18
w110,s3-gyc,2018-06-27 16:23:37,2018-06-27 16:23:37,2018-06-27 16:35:42,init write,finished,queuing @ 2018-06-27 16:23:37,processing @ 2018-06-27 16:23:37,finished @ 2018-06-27 16:35:42
w111,s3-gyc,2018-06-27 16:23:42,2018-06-27 16:35:42,2018-06-27 16:40:45,read,finished,queuing @ 2018-06-27 16:23:42,processing @ 2018-06-27 16:35:42,finished @ 2018-06-27 16:40:45
w113,s3-gyc,2018-06-27 16:50:58,,2018-06-27 16:51:08,read,cancelled,queuing @ 2018-06-27 16:50:58,cancelled @ 2018-06-27 16:51:08
w112,s3-gyc,2018-06-27 16:50:56,2018-06-27 16:50:56,2018-06-27 17:03:06,init write,finished,queuing @ 2018-06-27 16:50:56,processing @ 2018-06-27 16:50:56,finished @ 2018-06-27 17:03:06
w114,s3-gyc,2018-06-27 16:51:14,2018-06-27 17:03:07,2018-06-27 17:05:15,read,terminated,queuing @ 2018-06-27 16:51:14,processing @ 2018-06-27 17:03:07,terminated @ 2018-06-27 17:05:15
w115,s3-gyc,2018-06-27 17:06:41,2018-06-27 17:06:41,2018-06-27 17:08:49,read,terminated,queuing @ 2018-06-27 17:06:41,processing @ 2018-06-27 17:06:41,terminated @ 2018-06-27 17:08:49
w116,s3-gyc,2018-06-27 17:11:13,2018-06-27 17:11:13,2018-06-27 17:12:51,read,finished,queuing @ 2018-06-27 17:11:13,processing @ 2018-06-27 17:11:13,finished @ 2018-06-27 17:12:51
w117,s3-gyc,2018-06-27 17:23:08,2018-06-27 17:23:08,2018-06-27 17:26:07,read,cancelled,queuing @ 2018-06-27 17:23:08,processing @ 2018-06-27 17:23:08,cancelled @ 2018-06-27 17:26:07
w118,s3-gyc,2018-06-27 17:26:13,2018-06-27 17:26:13,2018-06-27 17:31:16,read,terminated,queuing @ 2018-06-27 17:26:13,processing @ 2018-06-27 17:26:13,terminated @ 2018-06-27 17:31:16
w119,s3-gyc,2018-06-27 17:32:30,2018-06-27 17:32:30,2018-06-27 17:37:33,read,terminated,queuing @ 2018-06-27 17:32:30,processing @ 2018-06-27 17:32:30,terminated @ 2018-06-27 17:37:33
w120,s3-gyc,2018-06-27 17:38:24,2018-06-27 17:38:24,2018-06-27 17:48:49,init write,finished,queuing @ 2018-06-27 17:38:24,processing @ 2018-06-27 17:38:24,finished @ 2018-06-27 17:48:49
w121,s3-gyc,2018-06-27 17:49:17,2018-06-27 17:49:17,2018-06-27 17:59:46,init write,finished,queuing @ 2018-06-27 17:49:17,processing @ 2018-06-27 17:49:17,finished @ 2018-06-27 17:59:46
w122,s3-gyc,2018-06-28 15:20:20,2018-06-28 15:20:20,2018-06-28 15:32:17,init write,finished,queuing @ 2018-06-28 15:20:20,processing @ 2018-06-28 15:20:20,finished @ 2018-06-28 15:32:17
w123,s3-gyc,2018-06-28 15:53:07,2018-06-28 15:53:07,2018-06-28 16:03:22,init write,finished,queuing @ 2018-06-28 15:53:07,processing @ 2018-06-28 15:53:07,finished @ 2018-06-28 16:03:22
w124,s3-gyc,2018-06-28 16:10:04,2018-06-28 16:10:04,2018-06-28 16:11:59,read,cancelled,queuing @ 2018-06-28 16:10:04,processing @ 2018-06-28 16:10:04,cancelled @ 2018-06-28 16:11:59
w125,s3-gyc,2018-06-28 16:16:11,2018-06-28 16:16:11,2018-06-28 16:18:29,init write,cancelled,queuing @ 2018-06-28 16:16:11,processing @ 2018-06-28 16:16:11,cancelled @ 2018-06-28 16:18:29
w126,s3-gyc,2018-06-28 16:23:13,2018-06-28 16:23:13,2018-06-28 16:27:43,init write,cancelled,queuing @ 2018-06-28 16:23:13,processing @ 2018-06-28 16:23:13,cancelled @ 2018-06-28 16:27:43
w127,s3-gyc,2018-06-28 16:36:05,2018-06-28 16:36:05,2018-06-28 16:45:11,init write,cancelled,queuing @ 2018-06-28 16:36:05,processing @ 2018-06-28 16:36:05,cancelled @ 2018-06-28 16:45:11
w128,s3-gyc,2018-06-28 16:56:57,2018-06-28 16:56:57,2018-06-28 17:08:53,init write,finished,queuing @ 2018-06-28 16:56:57,processing @ 2018-06-28 16:56:57,finished @ 2018-06-28 17:08:53
w129,s3-gyc,2018-06-28 17:14:37,2018-06-28 17:14:37,2018-06-28 17:17:02,read,cancelled,queuing @ 2018-06-28 17:14:37,processing @ 2018-06-28 17:14:37,cancelled @ 2018-06-28 17:17:02
w130,s3-gyc,2018-06-28 17:18:14,2018-06-28 17:18:14,2018-06-28 17:23:17,read,terminated,queuing @ 2018-06-28 17:18:14,processing @ 2018-06-28 17:18:14,terminated @ 2018-06-28 17:23:17
w131,swift-sample4K-indexseparateddata,2018-06-28 17:38:18,2018-06-28 17:38:18,2018-06-28 17:38:18,init write,terminated,queuing @ 2018-06-28 17:38:18,processing @ 2018-06-28 17:38:18,terminated @ 2018-06-28 17:38:18
w132,swift-sample4K-indexseparateddata,2018-06-28 17:40:29,2018-06-28 17:40:29,2018-06-28 17:40:27,init write,terminated,queuing @ 2018-06-28 17:40:29,processing @ 2018-06-28 17:40:29,terminated @ 2018-06-28 17:40:27
w133,swift-sample4K-indexseparateddata,2018-06-28 17:49:21,2018-06-28 17:49:21,2018-06-28 17:49:20,init write,terminated,queuing @ 2018-06-28 17:49:21,processing @ 2018-06-28 17:49:21,terminated @ 2018-06-28 17:49:20
w134,swift-sample4K-indexseparateddata,2018-06-28 17:50:30,2018-06-28 17:50:30,2018-06-28 17:50:30,init write,terminated,queuing @ 2018-06-28 17:50:30,processing @ 2018-06-28 17:50:30,terminated @ 2018-06-28 17:50:30
w135,swift-sample4K-indexseparateddata,2018-06-28 17:56:36,2018-06-28 17:56:36,2018-06-28 17:56:34,init write,terminated,queuing @ 2018-06-28 17:56:36,processing @ 2018-06-28 17:56:36,terminated @ 2018-06-28 17:56:34
w136,swift-sample4K-indexseparateddata,2018-06-28 17:59:10,2018-06-28 17:59:10,2018-06-28 18:04:20,init write,finished,queuing @ 2018-06-28 17:59:10,processing @ 2018-06-28 17:59:10,finished @ 2018-06-28 18:04:20
w137,swift-sample-read,2018-06-28 18:08:17,2018-06-28 18:08:17,2018-06-28 18:08:14,read,terminated,queuing @ 2018-06-28 18:08:17,processing @ 2018-06-28 18:08:17,terminated @ 2018-06-28 18:08:14
w138,swift-sample-read,2018-06-28 18:09:37,2018-06-28 18:09:37,2018-06-28 19:37:47,read,cancelled,queuing @ 2018-06-28 18:09:37,processing @ 2018-06-28 18:09:37,cancelled @ 2018-06-28 19:37:47
w139,s3-gyc,2018-06-28 18:22:15,2018-06-28 19:37:48,2018-06-28 19:40:48,init write,cancelled,queuing @ 2018-06-28 18:22:15,processing @ 2018-06-28 19:37:48,cancelled @ 2018-06-28 19:40:48
w140,s3-gyc,2018-06-28 18:22:35,2018-06-28 19:40:48,2018-06-28 19:40:50,read,cancelled,queuing @ 2018-06-28 18:22:35,processing @ 2018-06-28 19:40:48,cancelled @ 2018-06-28 19:40:50
w141,s3-gyc,2018-06-28 19:43:13,2018-06-28 19:43:13,2018-06-28 19:55:47,init write,finished,queuing @ 2018-06-28 19:43:13,processing @ 2018-06-28 19:43:13,finished @ 2018-06-28 19:55:47
w142,s3-gyc,2018-06-28 20:01:20,2018-06-28 20:01:20,2018-06-28 20:13:51,init write,finished,queuing @ 2018-06-28 20:01:20,processing @ 2018-06-28 20:01:20,finished @ 2018-06-28 20:13:51
w143,s3-gyc,2018-06-28 20:16:02,2018-06-28 20:16:02,2018-06-28 20:17:17,read,cancelled,queuing @ 2018-06-28 20:16:02,processing @ 2018-06-28 20:16:02,cancelled @ 2018-06-28 20:17:17
w144,s3-gyc,2018-06-28 20:17:33,2018-06-28 20:17:33,2018-06-28 20:22:39,read,terminated,queuing @ 2018-06-28 20:17:33,processing @ 2018-06-28 20:17:33,terminated @ 2018-06-28 20:22:39
w145,s3-gyc,2018-06-28 20:24:41,2018-06-28 20:24:41,2018-06-28 20:25:31,read,cancelled,queuing @ 2018-06-28 20:24:41,processing @ 2018-06-28 20:24:41,cancelled @ 2018-06-28 20:25:31
w146,s3-gyc,2018-06-28 20:33:10,2018-06-28 20:33:10,2018-06-28 20:33:35,read,cancelled,queuing @ 2018-06-28 20:33:10,processing @ 2018-06-28 20:33:10,cancelled @ 2018-06-28 20:33:35
w147,s3-gyc,2018-06-28 20:37:31,2018-06-28 20:37:31,2018-06-28 20:42:39,read,failed,queuing @ 2018-06-28 20:37:31,processing @ 2018-06-28 20:37:31,failed @ 2018-06-28 20:42:39
w148,s3-gyc,2018-06-28 20:45:35,2018-06-28 20:45:35,2018-06-28 20:46:08,read,cancelled,queuing @ 2018-06-28 20:45:35,processing @ 2018-06-28 20:45:35,cancelled @ 2018-06-28 20:46:08
w149,s3-gyc,2018-06-28 20:47:30,2018-06-28 20:47:30,2018-06-28 20:51:19,read,cancelled,queuing @ 2018-06-28 20:47:30,processing @ 2018-06-28 20:47:30,cancelled @ 2018-06-28 20:51:19
w150,s3-gyc,2018-06-28 20:52:58,2018-06-28 20:52:58,2018-06-28 21:05:27,init write,finished,queuing @ 2018-06-28 20:52:58,processing @ 2018-06-28 20:52:58,finished @ 2018-06-28 21:05:27
w151,s3-gyc,2018-06-28 21:05:53,2018-06-28 21:05:53,2018-06-28 21:11:01,read,terminated,queuing @ 2018-06-28 21:05:53,processing @ 2018-06-28 21:05:53,terminated @ 2018-06-28 21:11:01
w152,s3-gyc,2018-06-29 10:26:21,2018-06-29 10:26:21,2018-06-29 10:34:27,init write,finished,queuing @ 2018-06-29 10:26:21,processing @ 2018-06-29 10:26:21,finished @ 2018-06-29 10:34:27
w153,s3-gyc,2018-06-29 10:35:27,2018-06-29 10:35:27,2018-06-29 10:36:34,read,cancelled,queuing @ 2018-06-29 10:35:27,processing @ 2018-06-29 10:35:27,cancelled @ 2018-06-29 10:36:34
w154,s3-gyc,2018-06-29 10:42:36,2018-06-29 10:42:36,2018-06-29 10:48:31,init write,cancelled,queuing @ 2018-06-29 10:42:36,processing @ 2018-06-29 10:42:36,cancelled @ 2018-06-29 10:48:31
w155,s3-gyc,2018-06-29 10:53:50,2018-06-29 10:53:50,2018-06-29 11:04:06,init write,finished,queuing @ 2018-06-29 10:53:50,processing @ 2018-06-29 10:53:50,finished @ 2018-06-29 11:04:06
w156,s3-gyc,2018-06-29 11:09:38,2018-06-29 11:09:38,2018-06-29 11:19:58,init write,finished,queuing @ 2018-06-29 11:09:38,processing @ 2018-06-29 11:09:38,finished @ 2018-06-29 11:19:58
w157,s3-gyc,2018-06-29 11:25:37,2018-06-29 11:25:37,2018-06-29 11:35:58,init write,finished,queuing @ 2018-06-29 11:25:37,processing @ 2018-06-29 11:25:37,finished @ 2018-06-29 11:35:58
w158,s3-gyc,2018-06-29 11:45:55,2018-06-29 11:45:55,2018-06-29 11:48:23,init write,cancelled,queuing @ 2018-06-29 11:45:55,processing @ 2018-06-29 11:45:55,cancelled @ 2018-06-29 11:48:23
w159,s3-gyc,2018-06-29 11:49:08,2018-06-29 11:49:08,2018-06-29 11:50:22,init write,cancelled,queuing @ 2018-06-29 11:49:08,processing @ 2018-06-29 11:49:08,cancelled @ 2018-06-29 11:50:22
w160,s3-gyc,2018-06-29 11:53:29,2018-06-29 11:53:29,2018-06-29 11:54:29,init write,cancelled,queuing @ 2018-06-29 11:53:29,processing @ 2018-06-29 11:53:29,cancelled @ 2018-06-29 11:54:29
w161,s3-gyc,2018-06-29 12:25:38,2018-06-29 12:25:38,2018-06-29 12:27:25,init write,cancelled,queuing @ 2018-06-29 12:25:38,processing @ 2018-06-29 12:25:38,cancelled @ 2018-06-29 12:27:25
w162,s3-gyc,2018-06-29 12:27:40,2018-06-29 12:27:40,2018-06-29 12:29:08,init write,cancelled,queuing @ 2018-06-29 12:27:40,processing @ 2018-06-29 12:27:40,cancelled @ 2018-06-29 12:29:08
w163,s3-gyc,2018-06-29 12:30:49,2018-06-29 12:30:49,2018-06-29 12:41:47,init write,cancelled,queuing @ 2018-06-29 12:30:49,processing @ 2018-06-29 12:30:49,cancelled @ 2018-06-29 12:41:47
w164,s3-gyc,2018-06-29 12:52:35,2018-06-29 12:52:35,2018-06-29 12:59:12,init write,cancelled,queuing @ 2018-06-29 12:52:35,processing @ 2018-06-29 12:52:35,cancelled @ 2018-06-29 12:59:12
w165,s3-gyc,2018-06-29 13:07:59,2018-06-29 13:07:59,2018-06-29 13:10:15,init write,cancelled,queuing @ 2018-06-29 13:07:59,processing @ 2018-06-29 13:07:59,cancelled @ 2018-06-29 13:10:15
w166,s3-gyc,2018-06-29 13:11:19,2018-06-29 13:11:19,2018-06-29 13:19:07,init write,finished,queuing @ 2018-06-29 13:11:19,processing @ 2018-06-29 13:11:19,finished @ 2018-06-29 13:19:07
w167,s3-gyc,2018-06-29 13:21:57,2018-06-29 13:21:57,2018-06-29 13:24:19,read,failed,queuing @ 2018-06-29 13:21:57,processing @ 2018-06-29 13:21:57,failed @ 2018-06-29 13:24:19
w168,s3-gyc,2018-06-29 13:25:25,2018-06-29 13:25:25,2018-06-29 13:27:13,read,failed,queuing @ 2018-06-29 13:25:25,processing @ 2018-06-29 13:25:25,failed @ 2018-06-29 13:27:13
w169,s3-gyc,2018-06-29 13:29:01,2018-06-29 13:29:01,2018-06-29 13:30:49,read,failed,queuing @ 2018-06-29 13:29:01,processing @ 2018-06-29 13:29:01,failed @ 2018-06-29 13:30:49
w170,s3-gyc,2018-06-29 13:33:42,2018-06-29 13:33:42,2018-06-29 13:34:57,read,cancelled,queuing @ 2018-06-29 13:33:42,processing @ 2018-06-29 13:33:42,cancelled @ 2018-06-29 13:34:57
w171,s3-gyc,2018-06-29 13:36:02,2018-06-29 13:36:02,2018-06-29 13:36:34,read,cancelled,queuing @ 2018-06-29 13:36:02,processing @ 2018-06-29 13:36:02,cancelled @ 2018-06-29 13:36:34
w172,s3-gyc,2018-06-29 13:38:19,2018-06-29 13:38:19,2018-06-29 13:39:42,read,cancelled,queuing @ 2018-06-29 13:38:19,processing @ 2018-06-29 13:38:19,cancelled @ 2018-06-29 13:39:42
w173,s3-gyc,2018-06-29 13:40:09,2018-06-29 13:40:09,2018-06-29 13:41:52,read,terminated,queuing @ 2018-06-29 13:40:09,processing @ 2018-06-29 13:40:09,terminated @ 2018-06-29 13:41:52
w174,s3-gyc,2018-06-29 13:43:41,2018-06-29 13:43:41,2018-06-29 13:45:24,read,finished,queuing @ 2018-06-29 13:43:41,processing @ 2018-06-29 13:43:41,finished @ 2018-06-29 13:45:24
w175,s3-gyc,2018-06-29 13:46:21,2018-06-29 13:46:21,2018-06-29 13:48:04,read,finished,queuing @ 2018-06-29 13:46:21,processing @ 2018-06-29 13:46:21,finished @ 2018-06-29 13:48:04
w176,s3-gyc,2018-06-29 13:46:24,2018-06-29 13:48:04,2018-06-29 13:49:47,read,finished,queuing @ 2018-06-29 13:46:24,processing @ 2018-06-29 13:48:04,finished @ 2018-06-29 13:49:47
